sequence,label
PMRGGGGYHY,1
THM,0
DML,0
YDLHGY,1
SVPKTLDKYR,1
LYSKVKPL,1
KWVWW,0
HE,1
AWEEREQGSR,1
GESWCR,1
GWNI,1
CTD,0
THEISMCAVVWW,0
NTHNRMSRCFED,0
GAPTTSLISVAVTK,1
HVV,0
LGFEYY,1
FITDGNK,1
NML,0
YTHMQP,0
FWA,0
VHC,0
LHF,0
YYPYQL,1
IRS,0
SIC,0
MMD,0
IYVVDLR,1
WQ,1
KRG,0
GDRFQDQHQ,1
WKG,0
CKA,0
KRC,0
YEWWCTDAIAAQ,0
RDQ,0
QIS,0
MAE,0
QAC,0
FNW,0
TYC,0
KLADMLNPER,1
IALTDNALIAR,1
RY,1
CPCT,0
MAY,0
MQT,0
REMGV,0
NW,1
AGWNI,1
QCHWQY,0
TGM,0
GDAFDKA,1
PC,1
CQR,0
FVTGCYNEMA,0
YLVN,1
CQ,1
FW,1
ADIYTEEAGR,1
QW,1
HWS,0
CYA,0
KWM,0
GTHIWQKKFTNY,0
EY,1
SY,1
MTN,0
LITGA,1
YP,1
WF,1
LITGAAQA,1
EDW,0
MSM,0
ADFESQIK,1
WYSLA,1
LRVAPEEHPTL,1
RMS,0
MRYL,0
VCS,0
HR,0
GCM,0
VKS,0
CE,1
SNAAC,1
NWM,0
THW,0
LAGKPQQEHSGEHQ,1
LITGAA,1
HY,1
INEGFELLR,1
YVTVQTISGTGALR,1
WIS,0
DVSDLDAD,1
CIK,0
TMD,0
NDT,0
SDK,1
CQV,0
YGLAAAVFTK,1
TDN,0
WT,1
IFI,0
CF,1
WE,1
YG,1
MFTGPY,1
EN,0
HV,1
RHQ,0
MMK,0
YN,1
KCV,0
TRN,0
IEWEGIESGSVEQA,1
IYVVDVGTEPR,1
SDITRPGGNM,1
KFCSGHA,1
WP,1
NWL,0
HPLDSLCL,1
IQC,0
ITLAPK,1
CN,1
WR,1
SKDAPY,1
CDC,0
TAM,0
GSH,1
TWA,0
YL,1
GFPGRLDHWCASE,1
IE,1
CEDK,0
AYPS,1
KMF,0
WNW,1
PY,1
MQ,1
NAATIIK,1
AADGTWEPFALGK,1
NARKSW,0
CS,1
LW,1
TCD,0
MK,1
NWT,0
WNWAD,1
VINSILAFR,1
WYI,0
GSYHDSK,1
TYM,0
MNR,0
ACGSDGK,1
AD,1
SALAM,1
DAVTYTEHAK,1
WAL,1
WL,1
IKMP,0
ME,1
NWI,0
WCK,0
YD,1
TVTAMDVVYALK,1
YR,1
MWNLQL,0
SW,1
GW,1
MFW,0
ERNID,0
INH,0
FQMQCTSQGP,0
MSQ,0
AISYLVSGYQR,1
CDE,0
LVEKGDVAFI,1
EW,1
RMI,0
FYMTYERP,0
IME,0
QIH,0
CSE,0
MLN,0
VIPMGL,1
KDAAKTK,1
WD,1
AGWNIPIGT,1
WIT,0
AEQDGVPVFK,1
NNI,0
SQLPGW,1
CK,1
FLEQQNQVLQTK ,1
YMT,0
GHP,1
ECW,0
MAR,0
TTF,0
CG,1
ITIAPK,1
AGWNIP,1
GRIKQMTH,0
GELALKD,1
DMN,0
RHK,0
KRQ,0
YVEEL,1
LHE ,0
KW,1
NIN,0
VVFIFGPDK,1
TCP,0
VVFVDRL,1
WAD,1
MQMGVTT,0
KYM,0
WKI,0
DMDHLYCGAY,0
YLLTR,1
RHT,0
AIEWEGIESGSVEQA,1
CTGNMNEGKFEM,0
IYVFVR,1
CDS,0
MIDHNHWIQVKN,0
WQQ,0
HL,1
RQQ,0
NMT,0
MLQ,0
YLAGKPQQEH,1
VRN,0
RTW,0
REW,0
WDW,0
RHD,0
ELGEYGLQAYTEVK,1
FWQ,0
MQM,0
KP,1
MEA,0
NRF,0
WS,1
WY,1
RQN,0
CH,1
QTF,0
WYSLAMAASDI,1
WYSL,1
KRS,0
NNN,0
LSKAQSDFG,1
GY,1
RMQMIA,0
QNM,0
CEH,0
NKQ,0
WQDHATLAH,0
DNC,0
LTIAPK,1
LGFEY,1
EAPVEGGKFDYVK,1
QDI,0
MRN,0
PW,1
AYNIPVNIAR,1
FGCFF,0
VFFGEGDGVIR,1
YT,1
GC,1
LQAFQGYQVTMK,1
IRN,0
TWQ,0
HTV,0
RVYC,0
CR,1
ITTNPYDYHY,1
VIYVVDLR,1
LHH,0
NFE,0
QGRPWG,1
LGLSGK,1
WWG,0
NQW,0
AGNLGGGVVTIER,1
IW,1
CFYMIIP,0
FM,1
WK,1
TW,1
FRS,0
CVE,0
RT,0
WKC,0
GRRRRSVQWCA,1
TKG,0
WYSLAM,1
LHA,0
MM,1
IQM,0
FTC,0
VRQMMMNQGCIFR,0
QFN,0
YAEERYPIL,1
WYSLAMASDI,1
NY,1
YTM,0
LVSGWVKPIIIGR,1
FY,1
WVN,0
MGS,0
LK,1
TY,1
IR,1
ATGYPLAFIAAK,1
VVDLLAPYAK,1
SDITRPGGQM,1
YGS,1
PHA,0
FMW,0
PHE,0
CCGDYY,1
LHG,0
LTGQLFLGGSIVK,1
WYS,1
RW,1
IMK,0
YFYPQL,1
VYPF,1
YVPEPF,1
AFDEGPWPK,1
WIPRPPE,1
WMIRMS,1
ATSGFFVY,1
WVSPLH,1
PNGYTLF,1
YVPYLL,1
HCFVLY,1
HLASGWY,1
HRYSDF,1
HYANMY,1
AWGLSGR,1
FFPY,1
YLPF,1
PIIVYWK,1
FSVVPSPK,1
EYGTVVVFQ,1
HRDRLCVVQ,1
GGGAGMLLK,1
TAGHPGTH,1
AEERYP,1
DEDTQAMP,1
YQIGL,1
YRGGLEPINF,1
IRW,1
EAPVEGKFDYVK,1
SVPKTATLDKYD,1
KLADMLNPED,1
IWCKDDQNPH,1
KFLDDDLTDDIM,1
DKFLDDDLTDDIM,1
WLP,1
ISW,1
SGDWSDIGGR,1
DFGSEILPR,1
GEPFPSDPKKQLQ,1
GEKGGIPIGIGK,1
MILTK,0
RQ,0
CWNQLNVF,0
DMY,0
MKNWYK,0
WKN,0
FDQCV,0
FFSYIMV,0
RDT,0
DCW,0
RNSF,0
SSFKS,0
MQE,0
NEM,0
QS,0
SWHCIWEVRSK,0
CTAE,0
NECAFDTKE,0
MYEW,0
DNV,0
VENMN,0
CAD,0
MQEIVW,0
LNKNWFVSCPR,0
CTQ,0
SDMEA,0
IWN,0
GWM,0
IRM,0
QWQNQDSIY,0
NSLCCQK,0
SMAMKPQFECT,0
GDYMMRQKWMY,0
MC,0
SNKC,0
CCS,0
MKLNKVFWSA,0
NHI,0
WM,0
QML,0
KCH,0
NFMW,0
EM,0
DY,1
HVQQ,0
LTLAPK,1
PHM,0
KNF,0
SCK,0
WQS,0
LC,1
VTM,0
DASHGHSG,1
FWG,1
MFLG,1
ILGATIDNSK,1
RDPEER,1
KELEEK,1
DAAGRLQE,1
LDDDGRL,1
GFAGDDAPRA,1
WVSPLAGRT,1
IGFLIIWV,1
WG,1
MQE,0
HVQ,0
KY,1
GWNIP,1
